transaction_id,transaction_date,product_description,unit_price,customer_id
1,11/4/16,Coat,110,256
2,11/6/16,Cardigan,55,170
3,11/8/16,Dress,75,451
4,11/9/16,Skirt,50,198
5,11/10/16,Camisole,25,180
6,11/11/16,Blouse,40,829
7,11/12/16,Blouse,40,111
8,11/12/16,Blouse,40,876
9,11/13/16,Dress,75,10
10,11/14/16,Blouse,40,134
11,11/19/16,Cardigan,55,927
12,11/20/16,Blouse,40,377
13,11/21/16,Scarf,20,423
14,11/22/16,Cardigan,55,941
16,11/27/16,Blouse,40,395
17,11/29/16,Blouse,40,348
18,11/29/16,Dress,75,751
19,11/30/16,Jeans,70,71
20,11/30/16,Skirt,50,597
21,12/1/16,Jeans,70,804
22,12/4/16,Cardigan,55,153
23,12/5/16,Camisole,25,75
24,12/5/16,Cardigan,55,764
25,12/5/16,Skirt,50,218
26,12/7/16,Scarf,20,177
27,12/8/16,Skirt,50,440
28,12/18/16,Camisole,25,295
29,12/19/16,Coat,110,605
30,12/19/16,Scarf,20,1001
31,12/20/16,Coat,110,460
32,12/25/16,Cardigan,55,931
33,12/27/16,Scarf,20,206
34,12/28/16,Coat,110,507
35,12/30/16,Cardigan,55,425
36,1/1/17,Blouse,40,826
37,1/3/17,Skirt,50,205
38,1/6/17,Camisole,25,542
39,1/8/17,Cardigan,55,661
40,1/8/17,Cardigan,55,728
41,1/8/17,Coat,110,755
42,1/12/17,Camisole,25,576
43,1/14/17,Blouse,40,304
44,1/14/17,Blouse,40,666
45,1/15/17,Blouse,40,890
46,1/15/17,Cardigan,55,638
47,1/16/17,Cardigan,55,954
48,1/16/17,Coat,110,574
49,1/17/17,Cardigan,55,114
50,1/18/17,Blouse,40,462
51,1/18/17,Cardigan,55,40
52,1/18/17,Jeans,70,223
53,1/18/17,Skirt,50,590
54,1/19/17,Coat,110,819
55,1/21/17,Scarf,20,209
56,1/22/17,Blouse,40,871
57,1/22/17,Camisole,25,324
58,1/24/17,Dress,75,4
59,1/25/17,Dress,75,776
60,1/27/17,Jeans,70,87
61,1/29/17,Blouse,40,357
62,1/29/17,Scarf,20,322
63,1/29/17,Skirt,50,164
64,1/30/17,Camisole,25,516
65,1/30/17,Skirt,50,579
66,1/31/17,Coat,110,464
67,2/2/17,Blouse,40,87
68,2/3/17,Cardigan,55,957
69,2/3/17,Dress,75,264
70,2/4/17,Jeans,70,379
71,2/5/17,Dress,75,450
72,2/7/17,Skirt,50,563
73,2/9/17,Jeans,70,833
74,2/10/17,Camisole,25,113
75,2/12/17,Coat,110,262
76,2/12/17,Skirt,50,917
77,2/14/17,Blouse,40,570
78,2/14/17,Dress,75,874
79,2/14/17,Scarf,20,305
80,2/16/17,Blouse,40,77
81,2/16/17,Camisole,25,573
82,2/16/17,Skirt,50,238
83,2/17/17,Scarf,20,719
84,2/18/17,Cardigan,55,168
85,2/18/17,Cardigan,55,484
86,2/19/17,Coat,110,816
87,2/19/17,Scarf,20,56
88,2/19/17,Skirt,50,512
89,2/20/17,Cardigan,55,763
90,2/20/17,Scarf,20,159
91,2/21/17,Dress,75,576
92,2/21/17,Skirt,50,506
93,2/22/17,Skirt,50,864
94,2/24/17,Skirt,50,420
95,2/26/17,Scarf,20,42
96,2/27/17,Jeans,70,95
97,2/27/17,Scarf,20,263
98,2/28/17,Dress,75,533
99,3/1/17,Camisole,25,620
100,3/1/17,Dress,75,216
101,3/1/17,Scarf,20,968
102,3/2/17,Coat,110,148
103,3/2/17,Skirt,50,292
104,3/3/17,Dress,75,185
105,3/4/17,Cardigan,55,901
106,3/5/17,Blouse,40,389
107,3/5/17,Skirt,50,709
108,3/6/17,Dress,75,360
109,3/7/17,Blouse,40,50
110,3/7/17,Jeans,70,641
111,3/8/17,Camisole,25,822
112,3/9/17,Blouse,40,782
113,3/9/17,Jeans,70,214
114,3/10/17,Dress,75,978
115,3/10/17,Jeans,70,1021
116,3/11/17,Coat,110,118
117,3/11/17,Dress,75,596
118,3/11/17,Skirt,50,589
119,3/13/17,Cardigan,55,451
120,3/14/17,Skirt,50,342
121,3/14/17,Skirt,50,479
122,3/15/17,Blouse,40,151
123,3/15/17,Coat,110,505
124,3/15/17,Dress,75,660
125,3/16/17,Jeans,70,651
126,3/17/17,Coat,110,292
127,3/18/17,Cardigan,55,783
128,3/18/17,Jeans,70,858
129,3/18/17,Scarf,20,540
130,3/20/17,Coat,110,218
131,3/22/17,Cardigan,55,640
132,3/24/17,Skirt,50,898
133,3/26/17,Blouse,40,606
134,3/27/17,Scarf,20,444
135,3/28/17,Skirt,50,231
136,3/29/17,Blouse,40,288
137,3/29/17,Camisole,25,888
138,3/29/17,Skirt,50,818
139,3/30/17,Cardigan,55,667
140,3/30/17,Jeans,70,96
141,3/30/17,Scarf,20,180
142,4/4/17,Camisole,25,43
143,4/6/17,Scarf,20,24
144,4/6/17,Skirt,50,60
145,4/7/17,Cardigan,55,891
146,4/8/17,Blouse,40,606
147,4/8/17,Dress,75,440
148,4/9/17,Coat,110,527
149,4/9/17,Jeans,70,474
150,4/11/17,Scarf,20,316
151,4/12/17,Dress,75,655
152,4/12/17,Jeans,70,158
153,4/13/17,Blouse,40,336
154,4/13/17,Coat,110,328
155,4/14/17,Camisole,25,754
156,4/15/17,Camisole,25,66
157,4/15/17,Skirt,50,653
158,4/16/17,Skirt,50,558
159,4/18/17,Blouse,40,20
160,4/18/17,Camisole,25,88
161,4/18/17,Camisole,25,575
162,4/18/17,Cardigan,55,786
163,4/18/17,Jeans,70,24
164,4/22/17,Camisole,25,704
165,4/23/17,Dress,75,697
166,4/24/17,Dress,75,483
167,4/24/17,Skirt,50,353
168,4/25/17,Camisole,25,862
169,4/25/17,Cardigan,55,356
170,4/26/17,Camisole,25,231
171,4/26/17,Coat,110,999
172,4/26/17,Jeans,70,105
173,4/26/17,Skirt,50,562
174,4/27/17,Camisole,25,903
175,4/27/17,Scarf,20,965
176,4/28/17,Camisole,25,518
177,4/28/17,Coat,110,366
178,4/28/17,Dress,75,286
179,4/28/17,Dress,75,664
180,4/29/17,Blouse,40,407
181,4/29/17,Camisole,25,737
182,5/1/17,Coat,110,893
183,5/1/17,Coat,110,211
184,5/2/17,Scarf,20,982
185,5/2/17,Skirt,50,817
186,5/4/17,Dress,75,424
187,5/5/17,Camisole,25,849
188,5/5/17,Jeans,70,785
189,5/6/17,Blouse,40,622
190,5/7/17,Cardigan,55,955
191,5/7/17,Dress,75,966
192,5/8/17,Blouse,40,415
193,5/8/17,Coat,110,423
194,5/8/17,Jeans,70,487
195,5/9/17,Jeans,70,367
196,5/9/17,Jeans,70,689
197,5/9/17,Skirt,50,123
198,5/10/17,Camisole,25,341
199,5/10/17,Jeans,70,523
200,5/10/17,Skirt,50,616
201,5/11/17,Blouse,40,414
202,5/11/17,Coat,110,964
203,5/12/17,Blouse,40,135
204,5/13/17,Cardigan,55,654
205,5/13/17,Skirt,50,796
206,5/14/17,Blouse,40,658
207,5/14/17,Camisole,25,781
208,5/14/17,Coat,110,510
209,5/15/17,Camisole,25,2
210,5/15/17,Jeans,70,298
211,5/15/17,Scarf,20,736
212,5/16/17,Cardigan,55,395
213,5/18/17,Jeans,70,704
214,5/18/17,Scarf,20,874
215,5/20/17,Camisole,25,675
216,5/20/17,Scarf,20,720
217,5/20/17,Skirt,50,547
218,5/21/17,Jeans,70,1001
219,5/21/17,Jeans,70,131
220,5/21/17,Skirt,50,749
221,5/22/17,Cardigan,55,448
222,5/22/17,Dress,75,250
223,5/23/17,Blouse,40,171
224,5/23/17,Skirt,50,382
225,5/24/17,Jeans,70,735
226,5/24/17,Jeans,70,699
227,5/25/17,Coat,110,853
228,5/25/17,Scarf,20,413
229,5/25/17,Scarf,20,88
230,5/26/17,Jeans,70,423
231,5/26/17,Scarf,20,383
232,5/27/17,Blouse,40,1013
233,5/27/17,Camisole,25,600
234,5/27/17,Jeans,70,601
235,5/27/17,Skirt,50,10
236,5/28/17,Cardigan,55,533
237,5/29/17,Cardigan,55,434
238,5/29/17,Skirt,50,191
239,5/29/17,Skirt,50,959
240,5/30/17,Blouse,40,137
241,5/30/17,Camisole,25,894
242,5/30/17,Cardigan,55,356
243,5/30/17,Coat,110,748
244,5/30/17,Scarf,20,922
245,6/1/17,Jeans,70,917
246,6/1/17,Scarf,20,178
247,6/2/17,Dress,75,791
248,6/2/17,Dress,75,699
249,6/3/17,Jeans,70,611
250,6/4/17,Blouse,40,599
251,6/4/17,Coat,110,933
252,6/4/17,Skirt,50,229
253,6/5/17,Camisole,25,467
254,6/5/17,Coat,110,848
255,6/6/17,Camisole,25,646
256,6/6/17,Coat,110,114
257,6/7/17,Cardigan,55,452
258,6/7/17,Skirt,50,434
259,6/8/17,Camisole,25,464
260,6/9/17,Coat,110,256
261,6/9/17,Dress,75,471
262,6/9/17,Jeans,70,999
263,6/9/17,Skirt,50,252
264,6/10/17,Blouse,40,226
265,6/10/17,Dress,75,212
266,6/12/17,Blouse,40,738
267,6/12/17,Cardigan,55,1005
268,6/12/17,Jeans,70,223
269,6/13/17,Camisole,25,706
270,6/13/17,Camisole,25,499
271,6/13/17,Coat,110,375
272,6/13/17,Dress,75,449
273,6/13/17,Jeans,70,81
274,6/14/17,Jeans,70,920
275,6/14/17,Jeans,70,609
276,6/14/17,Skirt,50,201
277,6/15/17,Jeans,70,776
278,6/16/17,Jeans,70,1009
279,6/16/17,Skirt,50,264
280,6/17/17,Camisole,25,302
281,6/17/17,Coat,110,933
282,6/17/17,Jeans,70,704
283,6/18/17,Jeans,70,8
284,6/18/17,Scarf,20,449
285,6/18/17,Scarf,20,921
286,6/18/17,Skirt,50,796
287,6/19/17,Blouse,40,906
288,6/19/17,Dress,75,258
289,6/19/17,Scarf,20,854
290,6/20/17,Cardigan,55,300
291,6/21/17,Camisole,25,398
292,6/21/17,Camisole,25,415
293,6/21/17,Cardigan,55,657
294,6/22/17,Blouse,40,157
295,6/22/17,Jeans,70,367
296,6/22/17,Jeans,70,744
297,6/24/17,Coat,110,139
298,6/24/17,Scarf,20,385
299,6/24/17,Skirt,50,255
300,6/25/17,Coat,110,933
301,6/25/17,Dress,75,71
302,6/26/17,Blouse,40,947
303,6/26/17,Coat,110,738
304,6/26/17,Skirt,50,893
305,6/27/17,Cardigan,55,738
306,6/27/17,Scarf,20,134
307,6/28/17,Blouse,40,805
308,6/28/17,Cardigan,55,824
309,6/28/17,Skirt,50,927
310,6/29/17,Cardigan,55,365
311,6/30/17,Coat,110,277
312,7/1/17,Camisole,25,692
313,7/1/17,Cardigan,55,449
314,7/1/17,Jeans,70,126
315,7/2/17,Camisole,25,437
316,7/2/17,Camisole,25,330
317,7/2/17,Cardigan,55,348
318,7/2/17,Skirt,50,852
319,7/3/17,Cardigan,55,1009
320,7/4/17,Cardigan,55,293
321,7/4/17,Scarf,20,392
322,7/4/17,Skirt,50,828
323,7/5/17,Dress,75,880
324,7/6/17,Coat,110,161
325,7/7/17,Cardigan,55,500
326,7/8/17,Cardigan,55,910
327,7/8/17,Coat,110,166
328,7/8/17,Skirt,50,443
329,7/10/17,Cardigan,55,926
330,7/11/17,Coat,110,735
331,7/13/17,Blouse,40,421
332,7/13/17,Cardigan,55,736
333,7/14/17,Camisole,25,386
334,7/14/17,Cardigan,55,971
335,7/15/17,Blouse,40,489
336,7/15/17,Blouse,40,338
337,7/17/17,Coat,110,856
338,7/17/17,Dress,75,497
339,7/17/17,Jeans,70,1005
340,7/17/17,Scarf,20,581
341,7/18/17,Camisole,25,786
342,7/18/17,Coat,110,407
343,7/18/17,Dress,75,126
344,7/20/17,Scarf,20,395
345,7/21/17,Blouse,40,120
346,7/21/17,Dress,75,969
347,7/21/17,Jeans,70,702
348,7/22/17,Camisole,25,891
349,7/22/17,Coat,110,141
350,7/22/17,Jeans,70,318
351,7/22/17,Skirt,50,177
352,7/23/17,Cardigan,55,191
353,7/23/17,Coat,110,1011
354,7/23/17,Scarf,20,119
355,7/24/17,Blouse,40,388
356,7/24/17,Jeans,70,241
357,7/24/17,Jeans,70,786
359,7/25/17,Scarf,20,813
360,7/26/17,Scarf,20,644
361,7/27/17,Camisole,25,682
362,7/27/17,Dress,75,323
363,7/28/17,Camisole,25,777
364,7/28/17,Dress,75,518
365,7/29/17,Blouse,40,47
366,7/29/17,Cardigan,55,303
367,7/29/17,Jeans,70,813
368,7/29/17,Scarf,20,327
369,7/29/17,Skirt,50,996
370,7/30/17,Camisole,25,126
371,7/30/17,Skirt,50,762
372,7/31/17,Coat,110,707
373,8/1/17,Camisole,25,180
374,8/1/17,Camisole,25,813
375,8/1/17,Cardigan,55,850
376,8/1/17,Coat,110,146
377,8/1/17,Coat,110,229
378,8/2/17,Dress,75,72
379,8/3/17,Blouse,40,30
380,8/3/17,Coat,110,1021
381,8/4/17,Camisole,25,393
382,8/4/17,Coat,110,377
383,8/4/17,Coat,110,35
384,8/4/17,Skirt,50,602
385,8/5/17,Blouse,40,499
386,8/5/17,Blouse,40,1011
387,8/5/17,Camisole,25,727
388,8/5/17,Jeans,70,218
389,8/5/17,Scarf,20,517
390,8/5/17,Skirt,50,626
391,8/6/17,Coat,110,136
392,8/6/17,Skirt,50,728
393,8/7/17,Coat,110,71
394,8/7/17,Skirt,50,486
395,8/8/17,Skirt,50,945
396,8/9/17,Skirt,50,500
397,8/10/17,Coat,110,662
398,8/11/17,Blouse,40,370
399,8/12/17,Cardigan,55,194
400,8/12/17,Jeans,70,791
401,8/12/17,Jeans,70,38
402,8/13/17,Blouse,40,436
403,8/13/17,Cardigan,55,444
404,8/13/17,Cardigan,55,565
405,8/13/17,Coat,110,39
406,8/14/17,Blouse,40,204
407,8/14/17,Cardigan,55,1000
408,8/14/17,Cardigan,55,513
409,8/14/17,Dress,75,802
410,8/15/17,Blouse,40,422
411,8/15/17,Camisole,25,563
412,8/15/17,Dress,75,432
413,8/16/17,Blouse,40,834
414,8/16/17,Camisole,25,468
415,8/16/17,Camisole,25,536
416,8/16/17,Coat,110,902
417,8/16/17,Coat,110,585
418,8/17/17,Jeans,70,857
419,8/17/17,Scarf,20,879
420,8/17/17,Skirt,50,465
421,8/18/17,Camisole,25,938
422,8/18/17,Dress,75,256
423,8/18/17,Jeans,70,464
424,8/18/17,Jeans,70,738
425,8/19/17,Blouse,40,914
426,8/19/17,Jeans,70,125
427,8/20/17,Camisole,25,621
428,8/20/17,Camisole,25,464
429,8/20/17,Scarf,20,675
430,8/21/17,Blouse,40,663
431,8/21/17,Coat,110,53
432,8/21/17,Scarf,20,697
433,8/22/17,Cardigan,55,695
434,8/22/17,Skirt,50,120
435,8/22/17,Skirt,50,787
436,8/23/17,Cardigan,55,494
437,8/23/17,Dress,75,353
438,8/23/17,Dress,75,331
439,8/23/17,Dress,75,702
440,8/24/17,Blouse,40,967
441,8/24/17,Jeans,70,194
442,8/24/17,Skirt,50,209
443,8/25/17,Blouse,40,689
444,8/25/17,Jeans,70,872
445,8/25/17,Scarf,20,358
446,8/26/17,Blouse,40,204
447,8/26/17,Camisole,25,204
448,8/28/17,Camisole,25,621
449,8/28/17,Cardigan,55,430
450,8/28/17,Jeans,70,292
451,8/29/17,Cardigan,55,907
452,8/29/17,Dress,75,502
453,8/29/17,Jeans,70,254
454,8/30/17,Camisole,25,725
455,8/30/17,Camisole,25,367
456,8/30/17,Dress,75,717
457,8/31/17,Dress,75,924
458,9/1/17,Cardigan,55,181
459,9/1/17,Cardigan,55,99
460,9/1/17,Coat,110,218
461,9/2/17,Cardigan,55,165
462,9/2/17,Coat,110,252
463,9/2/17,Dress,75,491
464,9/2/17,Scarf,20,314
465,9/2/17,Scarf,20,616
466,9/2/17,Skirt,50,683
467,9/3/17,Cardigan,55,643
468,9/4/17,Camisole,25,142
469,9/4/17,Cardigan,55,998
470,9/4/17,Dress,75,287
471,9/4/17,Scarf,20,191
472,9/5/17,Blouse,40,396
473,9/6/17,Dress,75,829
474,9/6/17,Dress,75,996
475,9/6/17,Jeans,70,368
476,9/7/17,Blouse,40,264
477,9/7/17,Camisole,25,355
478,9/7/17,Camisole,25,414
479,9/7/17,Cardigan,55,837
480,9/7/17,Scarf,20,269
481,9/7/17,Skirt,50,564
482,9/8/17,Camisole,25,949
483,9/9/17,Blouse,40,94
484,9/9/17,Skirt,50,282
485,9/10/17,Coat,110,496
486,9/10/17,Dress,75,190
487,9/10/17,Jeans,70,393
488,9/10/17,Scarf,20,29
489,9/11/17,Camisole,25,864
490,9/11/17,Skirt,50,1002
491,9/12/17,Cardigan,55,960
492,9/12/17,Dress,75,684
493,9/12/17,Skirt,50,625
494,9/12/17,Skirt,50,678
495,9/13/17,Cardigan,55,832
496,9/13/17,Dress,75,524
497,9/15/17,Camisole,25,719
498,9/15/17,Coat,110,969
499,9/15/17,Jeans,70,314
500,9/16/17,Cardigan,55,982
501,9/16/17,Cardigan,55,677
502,9/16/17,Coat,110,489
503,9/16/17,Jeans,70,451
504,9/16/17,Jeans,70,923
506,9/16/17,Skirt,50,209
507,9/17/17,Cardigan,55,34
508,9/17/17,Cardigan,55,799
509,9/17/17,Coat,110,411
510,9/17/17,Jeans,70,348
511,9/17/17,Jeans,70,531
512,9/18/17,Blouse,40,617
513,9/18/17,Blouse,40,402
514,9/19/17,Cardigan,55,397
515,9/19/17,Dress,75,365
516,9/19/17,Jeans,70,721
517,9/19/17,Skirt,50,417
518,9/21/17,Camisole,25,778
519,9/21/17,Cardigan,55,250
520,9/21/17,Dress,75,606
521,9/21/17,Jeans,70,859
522,9/22/17,Jeans,70,372
523,9/22/17,Scarf,20,610
524,9/22/17,Scarf,20,186
525,9/24/17,Cardigan,55,889
526,9/24/17,Jeans,70,786
527,9/24/17,Skirt,50,876
528,9/25/17,Dress,75,660
529,9/25/17,Jeans,70,146
530,9/25/17,Jeans,70,825
531,9/26/17,Skirt,50,696
532,9/27/17,Cardigan,55,619
533,9/27/17,Cardigan,55,438
534,9/27/17,Dress,75,918
535,9/27/17,Jeans,70,563
536,9/27/17,Skirt,50,324
537,9/29/17,Coat,110,947
538,9/29/17,Jeans,70,372
539,9/29/17,Jeans,70,558
540,9/29/17,Skirt,50,752
541,9/30/17,Blouse,40,634
542,9/30/17,Dress,75,228
543,9/30/17,Jeans,70,1015
544,9/30/17,Scarf,20,165
545,10/1/17,Dress,75,917
546,10/1/17,Scarf,20,920
547,10/1/17,Skirt,50,83
548,10/2/17,Coat,110,308
549,10/2/17,Scarf,20,347
550,10/2/17,Skirt,50,561
551,10/3/17,Cardigan,55,276
552,10/3/17,Dress,75,469
553,10/3/17,Jeans,70,930
554,10/4/17,Coat,110,270
555,10/4/17,Dress,75,652
556,10/5/17,Coat,110,493
557,10/5/17,Jeans,70,999
558,10/5/17,Jeans,70,933
559,10/5/17,Scarf,20,937
560,10/6/17,Camisole,25,235
561,10/6/17,Dress,75,431
562,10/6/17,Jeans,70,136
563,10/7/17,Dress,75,359
564,10/7/17,Scarf,20,628
565,10/8/17,Camisole,25,79
566,10/8/17,Cardigan,55,1001
567,10/8/17,Coat,110,466
568,10/9/17,Cardigan,55,447
569,10/9/17,Coat,110,115
570,10/9/17,Dress,75,153
571,10/9/17,Dress,75,90
572,10/10/17,Cardigan,55,973
573,10/10/17,Scarf,20,336
574,10/11/17,Coat,110,957
575,10/11/17,Coat,110,205
576,10/11/17,Dress,75,979
577,10/11/17,Dress,75,941
578,10/11/17,Jeans,70,490
579,10/12/17,Skirt,50,141
580,10/12/17,Skirt,50,535
581,10/13/17,Camisole,25,423
582,10/14/17,Blouse,40,600
583,10/14/17,Camisole,25,442
584,10/15/17,Cardigan,55,740
585,10/18/17,Cardigan,55,1023
586,10/18/17,Coat,110,89
587,10/18/17,Jeans,70,882
588,10/18/17,Jeans,70,615
589,10/18/17,Skirt,50,435
590,10/19/17,Cardigan,55,423
591,10/20/17,Cardigan,55,381
592,10/20/17,Dress,75,810
593,10/20/17,Dress,75,560
594,10/20/17,Scarf,20,14
595,10/20/17,Scarf,20,2
596,10/21/17,Camisole,25,882
597,10/21/17,Jeans,70,908
598,10/22/17,Coat,110,317
599,10/22/17,Jeans,70,98
600,10/23/17,Skirt,50,948
601,10/24/17,Blouse,40,357
602,10/24/17,Coat,110,422
603,10/24/17,Jeans,70,704
604,10/25/17,Cardigan,55,217
605,10/25/17,Scarf,20,267
606,10/26/17,Camisole,25,66
607,10/26/17,Camisole,25,627
608,10/26/17,Cardigan,55,705
609,10/26/17,Scarf,20,353
610,10/26/17,Scarf,20,27
611,10/27/17,Camisole,25,255
612,10/27/17,Coat,110,157
613,10/27/17,Coat,110,810
614,10/27/17,Dress,75,597
615,10/28/17,Cardigan,55,117
616,10/28/17,Jeans,70,58
617,10/29/17,Jeans,70,926
618,10/29/17,Jeans,70,895
619,10/30/17,Blouse,40,904
620,10/30/17,Camisole,25,885
621,10/30/17,Camisole,25,55
622,10/30/17,Jeans,70,301
623,10/30/17,Jeans,70,47
624,10/30/17,Scarf,20,746
625,10/30/17,Skirt,50,505
626,10/31/17,Camisole,25,80
627,10/31/17,Dress,75,767
628,10/31/17,Jeans,70,562
629,11/1/17,Dress,75,445
630,11/2/17,Blouse,40,309
631,11/2/17,Cardigan,55,507
632,11/2/17,Coat,110,522
633,11/3/17,Blouse,40,567
634,11/3/17,Coat,110,18
635,11/4/17,Camisole,25,872
636,11/5/17,Skirt,50,609
637,11/5/17,Skirt,50,4
638,11/6/17,Cardigan,55,518
639,11/6/17,Coat,110,842
640,11/6/17,Dress,75,265
641,11/6/17,Skirt,50,349
642,11/6/17,Skirt,50,954
643,11/7/17,Blouse,40,906
644,11/7/17,Dress,75,911
645,11/8/17,Blouse,40,507
646,11/8/17,Jeans,70,967
647,11/8/17,Scarf,20,594
648,11/10/17,Camisole,25,473
649,11/10/17,Dress,75,353
650,11/10/17,Jeans,70,437
651,11/10/17,Scarf,20,842
652,11/11/17,Blouse,40,58
653,11/11/17,Cardigan,55,83
654,11/11/17,Scarf,20,80
655,11/11/17,Skirt,50,247
656,11/12/17,Coat,110,4
657,11/12/17,Jeans,70,94
658,11/12/17,Scarf,20,552
659,11/13/17,Blouse,40,920
660,11/13/17,Jeans,70,439
661,11/13/17,Scarf,20,250
662,11/14/17,Dress,75,481
663,11/14/17,Dress,75,649
664,11/14/17,Jeans,70,317
665,11/15/17,Cardigan,55,338
666,11/15/17,Coat,110,596
667,11/15/17,Jeans,70,297
668,11/15/17,Scarf,20,528
669,11/16/17,Blouse,40,399
670,11/16/17,Camisole,25,846
671,11/16/17,Coat,110,597
672,11/16/17,Coat,110,524
673,11/16/17,Jeans,70,784
674,11/17/17,Jeans,70,521
675,11/17/17,Scarf,20,65
676,11/17/17,Scarf,20,135
677,11/17/17,Skirt,50,893
678,11/17/17,Skirt,50,838
679,11/18/17,Blouse,40,788
680,11/19/17,Camisole,25,1000
681,11/19/17,Coat,110,555
682,11/19/17,Dress,75,244
683,11/19/17,Jeans,70,275
684,11/19/17,Jeans,70,627
685,11/19/17,Scarf,20,703
686,11/21/17,Blouse,40,685
687,11/21/17,Dress,75,482
688,11/21/17,Dress,75,699
689,11/22/17,Blouse,40,35
690,11/22/17,Cardigan,55,54
691,11/22/17,Dress,75,557
692,11/22/17,Dress,75,706
693,11/22/17,Scarf,20,439
694,11/22/17,Scarf,20,326
695,11/23/17,Cardigan,55,760
696,11/23/17,Coat,110,683
697,11/23/17,Dress,75,303
698,11/24/17,Cardigan,55,621
699,11/24/17,Dress,75,346
700,11/24/17,Jeans,70,397
701,11/24/17,Scarf,20,853
702,11/24/17,Skirt,50,878
703,11/25/17,Cardigan,55,119
704,11/25/17,Scarf,20,970
705,11/26/17,Camisole,25,310
706,11/26/17,Dress,75,692
707,11/26/17,Dress,75,29
708,11/26/17,Jeans,70,894
709,11/26/17,Skirt,50,394
710,11/28/17,Dress,75,544
711,11/28/17,Jeans,70,966
712,11/28/17,Jeans,70,211
713,11/28/17,Skirt,50,280
714,11/30/17,Camisole,25,580
715,11/30/17,Jeans,70,213
716,12/1/17,Camisole,25,207
717,12/1/17,Cardigan,55,612
718,12/1/17,Cardigan,55,454
719,12/1/17,Coat,110,847
720,12/1/17,Jeans,70,838
721,12/2/17,Dress,75,802
722,12/2/17,Scarf,20,417
723,12/3/17,Cardigan,55,121
724,12/3/17,Jeans,70,189
725,12/3/17,Scarf,20,958
726,12/3/17,Skirt,50,795
727,12/4/17,Blouse,40,622
728,12/5/17,Dress,75,1017
729,12/6/17,Coat,110,253
730,12/6/17,Skirt,50,448
731,12/7/17,Cardigan,55,52
732,12/7/17,Dress,75,231
733,12/7/17,Skirt,50,399
734,12/8/17,Blouse,40,533
735,12/8/17,Dress,75,95
736,12/9/17,Coat,110,514
737,12/9/17,Skirt,50,690
738,12/10/17,Scarf,20,129
739,12/10/17,Skirt,50,428
740,12/11/17,Blouse,40,593
741,12/11/17,Camisole,25,974
742,12/11/17,Cardigan,55,794
743,12/11/17,Cardigan,55,71
744,12/11/17,Cardigan,55,650
745,12/11/17,Coat,110,828
746,12/11/17,Dress,75,350
747,12/11/17,Dress,75,159
748,12/11/17,Dress,75,636
749,12/11/17,Jeans,70,163
750,12/11/17,Skirt,50,72
751,12/12/17,Camisole,25,357
752,12/13/17,Blouse,40,160
753,12/13/17,Dress,75,76
754,12/13/17,Dress,75,848
755,12/14/17,Cardigan,55,229
756,12/14/17,Jeans,70,421
757,12/14/17,Jeans,70,517
758,12/14/17,Scarf,20,934
759,12/15/17,Camisole,25,309
760,12/15/17,Cardigan,55,939
761,12/15/17,Dress,75,166
762,12/15/17,Jeans,70,136
763,12/16/17,Cardigan,55,739
764,12/16/17,Coat,110,127
765,12/16/17,Coat,110,991
767,12/16/17,Skirt,50,166
768,12/17/17,Blouse,40,184
769,12/17/17,Blouse,40,694
770,12/17/17,Scarf,20,22
771,12/18/17,Cardigan,55,816
772,12/18/17,Coat,110,949
773,12/19/17,Cardigan,55,655
774,12/19/17,Coat,110,829
775,12/19/17,Dress,75,738
776,12/20/17,Scarf,20,570
777,12/21/17,Blouse,40,427
778,12/21/17,Dress,75,469
779,12/21/17,Jeans,70,4
780,12/21/17,Scarf,20,719
781,12/21/17,Skirt,50,564
782,12/22/17,Camisole,25,371
783,12/23/17,Camisole,25,597
784,12/24/17,Cardigan,55,143
785,12/24/17,Jeans,70,127
786,12/25/17,Camisole,25,687
787,12/25/17,Scarf,20,610
788,12/26/17,Blouse,40,573
789,12/26/17,Blouse,40,532
790,12/26/17,Camisole,25,394
791,12/26/17,Camisole,25,318
792,12/26/17,Jeans,70,995
793,12/27/17,Jeans,70,18
794,12/28/17,Blouse,40,121
795,12/28/17,Camisole,25,961
796,12/28/17,Cardigan,55,170
797,12/28/17,Coat,110,292
798,12/28/17,Coat,110,149
799,12/28/17,Jeans,70,706
800,12/29/17,Blouse,40,548
801,12/29/17,Blouse,40,287
802,12/30/17,Blouse,40,96
803,12/30/17,Camisole,25,184
804,12/30/17,Dress,75,278
805,12/30/17,Jeans,70,107
806,12/30/17,Jeans,70,775
807,12/30/17,Scarf,20,774
808,12/31/17,Camisole,25,502
809,12/31/17,Skirt,50,284
810,1/1/18,Camisole,25,730
811,1/2/18,Coat,110,594
812,1/2/18,Dress,75,338
813,1/3/18,Dress,75,978
814,1/3/18,Jeans,70,748
815,1/3/18,Jeans,70,857
816,1/5/18,Camisole,25,24
817,1/5/18,Cardigan,55,1025
818,1/5/18,Cardigan,55,600
819,1/5/18,Coat,110,514
820,1/5/18,Dress,75,457
821,1/5/18,Jeans,70,643
822,1/6/18,Coat,110,850
823,1/6/18,Scarf,20,485
824,1/6/18,Scarf,20,29
825,1/7/18,Skirt,50,324
826,1/8/18,Blouse,40,479
827,1/8/18,Dress,75,335
828,1/8/18,Scarf,20,691
829,1/9/18,Camisole,25,828
830,1/9/18,Coat,110,904
831,1/9/18,Dress,75,18
832,1/9/18,Jeans,70,16
833,1/9/18,Skirt,50,181
834,1/10/18,Cardigan,55,36
835,1/10/18,Skirt,50,973
836,1/12/18,Coat,110,376
837,1/12/18,Jeans,70,275
838,1/12/18,Skirt,50,599
839,1/13/18,Cardigan,55,552
840,1/13/18,Dress,75,82
841,1/13/18,Jeans,70,641
842,1/15/18,Camisole,25,492
843,1/15/18,Dress,75,991
844,1/15/18,Jeans,70,896
845,1/16/18,Coat,110,53
846,1/16/18,Coat,110,104
847,1/17/18,Blouse,40,634
848,1/17/18,Dress,75,214
849,1/18/18,Coat,110,348
850,1/18/18,Scarf,20,941
851,1/19/18,Blouse,40,1003
852,1/19/18,Blouse,40,183
853,1/19/18,Camisole,25,89
854,1/20/18,Camisole,25,811
855,1/21/18,Dress,75,635
856,1/22/18,Blouse,40,899
857,1/22/18,Blouse,40,704
858,1/22/18,Jeans,70,693
859,1/23/18,Coat,110,739
860,1/23/18,Dress,75,148
861,1/24/18,Coat,110,996
862,1/24/18,Coat,110,18
863,1/25/18,Camisole,25,116
864,1/25/18,Camisole,25,822
865,1/25/18,Camisole,25,658
866,1/25/18,Cardigan,55,610
867,1/25/18,Dress,75,835
868,1/25/18,Jeans,70,723
869,1/25/18,Scarf,20,628
870,1/25/18,Skirt,50,688
871,1/26/18,Blouse,40,63
872,1/26/18,Camisole,25,212
873,1/26/18,Coat,110,717
874,1/27/18,Camisole,25,905
875,1/28/18,Camisole,25,144
876,1/28/18,Cardigan,55,880
877,1/28/18,Coat,110,142
878,1/28/18,Scarf,20,399
879,1/29/18,Blouse,40,51
880,1/29/18,Cardigan,55,173
881,1/31/18,Coat,110,58
882,1/31/18,Skirt,50,493
883,2/1/18,Camisole,25,497
884,2/1/18,Coat,110,473
885,2/1/18,Jeans,70,486
886,2/1/18,Jeans,70,263
887,2/2/18,Blouse,40,128
888,2/2/18,Cardigan,55,580
889,2/2/18,Skirt,50,945
890,2/3/18,Blouse,40,496
891,2/3/18,Coat,110,467
892,2/3/18,Skirt,50,389
893,2/4/18,Coat,110,334
894,2/5/18,Cardigan,55,282
895,2/5/18,Coat,110,789
896,2/5/18,Jeans,70,711
897,2/5/18,Scarf,20,417
898,2/6/18,Scarf,20,496
899,2/6/18,Skirt,50,413
900,2/7/18,Skirt,50,972
901,2/8/18,Coat,110,183
902,2/9/18,Blouse,40,382
903,2/9/18,Cardigan,55,202
904,2/9/18,Cardigan,55,521
905,2/9/18,Scarf,20,227
906,2/10/18,Blouse,40,704
907,2/13/18,Skirt,50,734
908,2/14/18,Blouse,40,996
909,2/14/18,Cardigan,55,298
910,2/14/18,Jeans,70,786
911,2/14/18,Jeans,70,276
912,2/15/18,Camisole,25,843
913,2/15/18,Camisole,25,931
914,2/15/18,Cardigan,55,252
915,2/16/18,Blouse,40,443
916,2/16/18,Blouse,40,372
917,2/16/18,Camisole,25,746
918,2/16/18,Jeans,70,67
919,2/16/18,Scarf,20,206
920,2/16/18,Skirt,50,292
921,2/17/18,Blouse,40,241
922,2/17/18,Coat,110,765
923,2/17/18,Coat,110,806
924,2/17/18,Dress,75,372
925,2/17/18,Dress,75,355
926,2/17/18,Scarf,20,227
927,2/17/18,Scarf,20,310
928,2/18/18,Scarf,20,507
929,2/18/18,Scarf,20,399
930,2/19/18,Coat,110,708
931,2/19/18,Coat,110,148
932,2/20/18,Dress,75,314
933,2/21/18,Jeans,70,522
934,2/22/18,Cardigan,55,215
935,2/22/18,Dress,75,615
936,2/22/18,Jeans,70,562
937,2/22/18,Scarf,20,994
939,2/23/18,Cardigan,55,216
940,2/23/18,Coat,110,397
941,2/23/18,Skirt,50,317
942,2/24/18,Cardigan,55,785
943,2/24/18,Dress,75,354
944,2/24/18,Jeans,70,753
945,2/24/18,Jeans,70,631
946,2/24/18,Scarf,20,775
947,2/24/18,Scarf,20,215
948,2/24/18,Scarf,20,437
949,2/25/18,Camisole,25,814
950,2/25/18,Cardigan,55,272
951,2/25/18,Coat,110,995
952,2/25/18,Coat,110,163
953,2/25/18,Coat,110,907
954,2/26/18,Blouse,40,511
955,2/26/18,Skirt,50,804
956,2/27/18,Camisole,25,747
957,2/27/18,Dress,75,795
958,2/28/18,Coat,110,149
959,3/1/18,Blouse,40,553
960,3/1/18,Dress,75,100
961,3/1/18,Jeans,70,339
962,3/1/18,Skirt,50,628
963,3/2/18,Cardigan,55,339
964,3/2/18,Cardigan,55,460
966,3/2/18,Scarf,20,280
967,3/2/18,Skirt,50,851
968,3/3/18,Camisole,25,417
969,3/3/18,Coat,110,459
970,3/3/18,Coat,110,216
971,3/4/18,Cardigan,55,314
972,3/4/18,Cardigan,55,679
973,3/4/18,Scarf,20,465
974,3/5/18,Camisole,25,549
975,3/5/18,Jeans,70,196
976,3/5/18,Skirt,50,495
977,3/6/18,Dress,75,431
978,3/8/18,Cardigan,55,548
979,3/8/18,Coat,110,113
980,3/8/18,Dress,75,350
981,3/8/18,Jeans,70,118
982,3/10/18,Blouse,40,659
983,3/10/18,Camisole,25,895
984,3/10/18,Cardigan,55,886
985,3/10/18,Scarf,20,500
986,3/11/18,Blouse,40,403
987,3/11/18,Blouse,40,364
988,3/11/18,Camisole,25,469
989,3/11/18,Cardigan,55,522
990,3/11/18,Dress,75,954
991,3/12/18,Blouse,40,432
992,3/12/18,Blouse,40,475
993,3/12/18,Skirt,50,663
994,3/13/18,Dress,75,971
995,3/14/18,Cardigan,55,721
996,3/14/18,Jeans,70,672
997,3/15/18,Cardigan,55,490
998,3/16/18,Blouse,40,229
999,3/16/18,Camisole,25,627
1000,3/16/18,Cardigan,55,805
1001,3/16/18,Dress,75,933
1002,3/16/18,Scarf,20,717
1003,3/17/18,Camisole,25,228
1004,3/17/18,Jeans,70,627
1005,3/17/18,Scarf,20,400
1006,3/18/18,Coat,110,108
1007,3/18/18,Coat,110,376
1008,3/18/18,Scarf,20,944
1009,3/19/18,Camisole,25,963
1010,3/19/18,Jeans,70,28
1011,3/19/18,Scarf,20,81
1012,3/20/18,Blouse,40,846
1013,3/20/18,Camisole,25,586
1014,3/20/18,Jeans,70,14
1015,3/21/18,Camisole,25,508
1016,3/21/18,Cardigan,55,455
1017,3/21/18,Cardigan,55,905
1018,3/21/18,Dress,75,94
1019,3/21/18,Scarf,20,360
1020,3/21/18,Scarf,20,192
1021,3/21/18,Skirt,50,663
1022,3/23/18,Dress,75,136
1023,3/24/18,Cardigan,55,312
1024,3/24/18,Dress,75,400
1025,3/25/18,Camisole,25,136
1026,3/25/18,Coat,110,216
1027,3/25/18,Scarf,20,786
1028,3/26/18,Coat,110,774
1029,3/26/18,Coat,110,784
1030,3/26/18,Skirt,50,867
1031,3/27/18,Coat,110,857
1032,3/28/18,Blouse,40,381
1033,3/28/18,Blouse,40,137
1034,3/28/18,Cardigan,55,88
1035,3/29/18,Cardigan,55,233
1036,3/29/18,Dress,75,214
1037,3/29/18,Dress,75,538
1038,3/29/18,Jeans,70,84
1039,3/30/18,Camisole,25,403
1040,3/30/18,Dress,75,668
1041,3/30/18,Jeans,70,796
1042,3/31/18,Camisole,25,210
1043,3/31/18,Scarf,20,865
1044,3/31/18,Skirt,50,502
1045,3/31/18,Skirt,50,502
1046,4/1/18,Coat,110,317
1047,4/2/18,Blouse,40,483
1048,4/2/18,Jeans,70,906
1049,4/2/18,Skirt,50,714
1050,4/3/18,Blouse,40,676
1051,4/3/18,Cardigan,55,749
1052,4/3/18,Dress,75,875
1053,4/3/18,Scarf,20,751
1054,4/3/18,Scarf,20,361
1055,4/4/18,Dress,75,734
1056,4/4/18,Scarf,20,890
1057,4/4/18,Skirt,50,663
1058,4/5/18,Blouse,40,8
1059,4/5/18,Coat,110,803
1060,4/5/18,Jeans,70,393
1061,4/6/18,Camisole,25,384
1062,4/6/18,Cardigan,55,444
1063,4/6/18,Cardigan,55,706
1064,4/6/18,Scarf,20,365
1065,4/7/18,Blouse,40,20
1066,4/7/18,Camisole,25,103
1067,4/7/18,Camisole,25,573
1068,4/7/18,Camisole,25,716
1069,4/8/18,Cardigan,55,980
1070,4/8/18,Cardigan,55,884
1071,4/8/18,Coat,110,527
1072,4/8/18,Scarf,20,949
1073,4/9/18,Blouse,40,710
1074,4/9/18,Blouse,40,480
1075,4/9/18,Camisole,25,994
1076,4/9/18,Coat,110,405
1077,4/10/18,Blouse,40,227
1078,4/10/18,Camisole,25,436
1079,4/10/18,Cardigan,55,916
1080,4/10/18,Dress,75,503
1081,4/10/18,Dress,75,972
1082,4/10/18,Scarf,20,111
1083,4/11/18,Jeans,70,602
1084,4/12/18,Camisole,25,867
1085,4/12/18,Cardigan,55,238
1086,4/12/18,Dress,75,790
1087,4/13/18,Coat,110,672
1088,4/13/18,Coat,110,239
1089,4/13/18,Skirt,50,607
1090,4/13/18,Skirt,50,396
1091,4/14/18,Cardigan,55,937
1092,4/14/18,Scarf,20,876
1093,4/15/18,Cardigan,55,593
1094,4/15/18,Jeans,70,378
1095,4/15/18,Scarf,20,949
1096,4/15/18,Scarf,20,559
1097,4/16/18,Camisole,25,874
1098,4/17/18,Blouse,40,448
1099,4/17/18,Jeans,70,61
1100,4/17/18,Skirt,50,314
1101,4/18/18,Coat,110,24
1102,4/18/18,Jeans,70,769
1103,4/19/18,Scarf,20,371
1104,4/21/18,Cardigan,55,350
1105,4/22/18,Cardigan,55,997
1106,4/23/18,Blouse,40,937
1107,4/24/18,Blouse,40,787
1108,4/24/18,Coat,110,362
1109,4/24/18,Dress,75,991
1110,4/24/18,Jeans,70,76
1111,4/25/18,Blouse,40,777
1112,4/25/18,Jeans,70,826
1113,4/25/18,Jeans,70,156
1114,4/27/18,Cardigan,55,952
1115,4/27/18,Jeans,70,584
1116,4/27/18,Skirt,50,400
1117,4/28/18,Cardigan,55,361
1118,4/28/18,Dress,75,687
1119,4/29/18,Camisole,25,475
1120,4/29/18,Jeans,70,993
1121,4/29/18,Skirt,50,441
1122,4/30/18,Camisole,25,242
1123,5/1/18,Blouse,40,828
1124,5/1/18,Cardigan,55,672
1125,5/1/18,Cardigan,55,368
1126,5/1/18,Scarf,20,569
1127,5/1/18,Scarf,20,643
1128,5/2/18,Coat,110,451
1129,5/2/18,Scarf,20,478
1130,5/3/18,Camisole,25,400
1131,5/3/18,Dress,75,306
1132,5/4/18,Camisole,25,853
1133,5/4/18,Scarf,20,917
1134,5/4/18,Skirt,50,122
1135,5/4/18,Skirt,50,624
1136,5/5/18,Camisole,25,426
1137,5/5/18,Cardigan,55,385
1138,5/5/18,Coat,110,398
1139,5/5/18,Skirt,50,473
1140,5/5/18,Skirt,50,260
1141,5/5/18,Skirt,50,315
1142,5/6/18,Blouse,40,838
1143,5/6/18,Dress,75,283
1144,5/6/18,Jeans,70,561
1145,5/6/18,Skirt,50,245
1146,5/6/18,Skirt,50,33
1147,5/6/18,Skirt,50,995
1148,5/8/18,Coat,110,994
1149,5/9/18,Scarf,20,97
1150,5/10/18,Blouse,40,423
1151,5/10/18,Coat,110,186
1152,5/10/18,Dress,75,811
1153,5/11/18,Blouse,40,169
1154,5/12/18,Camisole,25,488
1155,5/12/18,Camisole,25,324
1156,5/12/18,Coat,110,393
1157,5/12/18,Scarf,20,179
1158,5/13/18,Cardigan,55,972
1159,5/13/18,Dress,75,707
1160,5/13/18,Jeans,70,271
1161,5/13/18,Jeans,70,297
1163,5/15/18,Cardigan,55,902
1164,5/15/18,Dress,75,829
1165,5/15/18,Scarf,20,184
1166,5/16/18,Coat,110,361
1167,5/16/18,Scarf,20,26
1168,5/17/18,Camisole,25,681
1169,5/17/18,Cardigan,55,363
1170,5/17/18,Scarf,20,33
1171,5/17/18,Skirt,50,735
1172,5/18/18,Dress,75,477
1173,5/18/18,Dress,75,382
1174,5/19/18,Dress,75,857
1175,5/20/18,Cardigan,55,702
1176,5/20/18,Coat,110,935
1177,5/20/18,Scarf,20,147
1178,5/21/18,Blouse,40,847
1179,5/21/18,Camisole,25,217
1180,5/21/18,Cardigan,55,974
1181,5/21/18,Coat,110,565
1182,5/22/18,Camisole,25,588
1183,5/22/18,Camisole,25,467
1184,5/22/18,Coat,110,256
1185,5/23/18,Camisole,25,420
1186,5/24/18,Blouse,40,909
1187,5/24/18,Jeans,70,188
1188,5/25/18,Blouse,40,222
1189,5/25/18,Jeans,70,238
1190,5/25/18,Skirt,50,276
1191,5/26/18,Cardigan,55,650
1192,5/26/18,Jeans,70,445
1193,5/26/18,Skirt,50,973
1194,5/26/18,Skirt,50,171
1195,5/27/18,Camisole,25,539
1196,5/27/18,Coat,110,126
1197,5/27/18,Coat,110,263
1198,5/28/18,Blouse,40,180
1199,5/28/18,Blouse,40,802
1200,5/28/18,Camisole,25,995
1201,5/28/18,Cardigan,55,268
1202,5/29/18,Camisole,25,389
1203,5/29/18,Cardigan,55,813
1204,5/29/18,Coat,110,582
1205,5/29/18,Jeans,70,158
1206,5/29/18,Scarf,20,259
1208,5/30/18,Camisole,25,763
1209,5/30/18,Coat,110,578
1210,5/30/18,Coat,110,85
1211,5/30/18,Coat,110,720
1212,5/30/18,Dress,75,885
1213,5/31/18,Blouse,40,282
1214,5/31/18,Coat,110,152
1215,5/31/18,Dress,75,981
1216,5/31/18,Scarf,20,214
1217,6/1/18,Cardigan,55,33
1218,6/2/18,Blouse,40,747
1219,6/2/18,Camisole,25,631
1220,6/2/18,Dress,75,1003
1221,6/3/18,Coat,110,656
1222,6/3/18,Dress,75,216
1223,6/3/18,Skirt,50,223
1224,6/4/18,Cardigan,55,86
1225,6/4/18,Jeans,70,136
1226,6/5/18,Skirt,50,792
1227,6/5/18,Skirt,50,986
1228,6/6/18,Blouse,40,33
1229,6/6/18,Camisole,25,715
1230,6/6/18,Scarf,20,749
1231,6/7/18,Blouse,40,707
1232,6/7/18,Coat,110,348
1233,6/7/18,Dress,75,148
1234,6/7/18,Jeans,70,244
1235,6/8/18,Jeans,70,704
1236,6/8/18,Jeans,70,483
1237,6/9/18,Coat,110,540
1238,6/9/18,Dress,75,445
1239,6/9/18,Scarf,20,919
1240,6/10/18,Coat,110,434
1241,6/10/18,Dress,75,263
1242,6/11/18,Camisole,25,673
1243,6/11/18,Camisole,25,146
1244,6/11/18,Coat,110,538
1245,6/11/18,Skirt,50,816
1246,6/12/18,Dress,75,214
1247,6/12/18,Dress,75,135
1248,6/13/18,Coat,110,980
1249,6/14/18,Blouse,40,837
1250,6/14/18,Camisole,25,326
1251,6/14/18,Coat,110,48
1252,6/14/18,Dress,75,898
1253,6/14/18,Jeans,70,585
1254,6/14/18,Jeans,70,833
1255,6/14/18,Skirt,50,879
1256,6/15/18,Scarf,20,916
1257,6/15/18,Skirt,50,894
1258,6/16/18,Blouse,40,390
1259,6/17/18,Cardigan,55,967
1260,6/17/18,Dress,75,702
1261,6/18/18,Cardigan,55,612
1262,6/18/18,Dress,75,98
1263,6/18/18,Jeans,70,454
1264,6/19/18,Cardigan,55,337
1265,6/19/18,Jeans,70,618
1266,6/19/18,Scarf,20,101
1267,6/19/18,Skirt,50,383
1268,6/19/18,Skirt,50,925
1269,6/20/18,Blouse,40,754
1270,6/20/18,Camisole,25,537
1271,6/20/18,Dress,75,199
1273,6/21/18,Jeans,70,460
1274,6/22/18,Jeans,70,298
1275,6/22/18,Scarf,20,528
1276,6/22/18,Scarf,20,393
1277,6/23/18,Jeans,70,748
1278,6/24/18,Blouse,40,199
1279,6/24/18,Cardigan,55,666
1280,6/24/18,Jeans,70,615
1281,6/26/18,Blouse,40,766
1282,6/26/18,Camisole,25,1003
1283,6/26/18,Coat,110,628
1284,6/27/18,Dress,75,782
1285,6/28/18,Blouse,40,45
1286,6/28/18,Camisole,25,402
1287,6/28/18,Camisole,25,797
1288,6/28/18,Camisole,25,181
1289,6/29/18,Dress,75,335
1290,6/29/18,Scarf,20,931
1291,6/29/18,Skirt,50,823
1292,6/30/18,Coat,110,138
1293,7/1/18,Camisole,25,718
1294,7/1/18,Cardigan,55,96
1295,7/1/18,Scarf,20,328
1296,7/2/18,Blouse,40,365
1297,7/2/18,Cardigan,55,1002
1298,7/2/18,Skirt,50,527
1299,7/3/18,Blouse,40,925
1300,7/3/18,Camisole,25,175
1301,7/3/18,Camisole,25,112
1303,7/3/18,Dress,75,946
1304,7/4/18,Camisole,25,704
1305,7/4/18,Jeans,70,269
1306,7/5/18,Jeans,70,706
1307,7/6/18,Blouse,40,215
1308,7/6/18,Cardigan,55,502
1309,7/6/18,Jeans,70,145
1310,7/7/18,Blouse,40,542
1311,7/8/18,Blouse,40,440
1312,7/9/18,Camisole,25,623
1313,7/9/18,Camisole,25,81
1314,7/9/18,Cardigan,55,982
1315,7/9/18,Dress,75,933
1316,7/9/18,Jeans,70,298
1317,7/9/18,Scarf,20,866
1318,7/10/18,Blouse,40,888
1319,7/10/18,Coat,110,433
1320,7/11/18,Coat,110,735
1321,7/11/18,Skirt,50,162
1322,7/12/18,Cardigan,55,271
1323,7/12/18,Scarf,20,927
1324,7/13/18,Cardigan,55,542
1325,7/13/18,Jeans,70,271
1326,7/14/18,Cardigan,55,628
1327,7/14/18,Coat,110,465
1328,7/14/18,Dress,75,600
1329,7/15/18,Camisole,25,912
1330,7/15/18,Dress,75,54
1331,7/16/18,Camisole,25,205
1332,7/16/18,Scarf,20,826
1333,7/17/18,Blouse,40,482
1334,7/17/18,Camisole,25,583
1335,7/17/18,Scarf,20,64
1336,7/18/18,Dress,75,313
1337,7/18/18,Jeans,70,405
1338,7/19/18,Jeans,70,461
1339,7/20/18,Blouse,40,292
1340,7/20/18,Dress,75,394
1341,7/21/18,Coat,110,65
1342,7/21/18,Dress,75,925
1343,7/21/18,Scarf,20,311
1344,7/22/18,Coat,110,527
1345,7/22/18,Dress,75,433
1346,7/22/18,Jeans,70,572
1347,7/23/18,Blouse,40,965
1349,7/23/18,Scarf,20,805
1350,7/23/18,Scarf,20,616
1351,7/23/18,Skirt,50,485
1352,7/23/18,Skirt,50,674
1353,7/24/18,Blouse,40,961
1354,7/25/18,Cardigan,55,932
1355,7/26/18,Cardigan,55,390
1356,7/26/18,Coat,110,801
1357,7/26/18,Dress,75,808
1358,7/26/18,Scarf,20,634
1359,7/27/18,Cardigan,55,92
1360,7/27/18,Jeans,70,690
1361,7/27/18,Jeans,70,999
1362,7/28/18,Blouse,40,520
1363,7/28/18,Camisole,25,69
1364,7/28/18,Camisole,25,906
1365,7/29/18,Jeans,70,531
1366,7/30/18,Coat,110,724
1367,7/30/18,Coat,110,785
1368,7/30/18,Scarf,20,824
1369,7/30/18,Skirt,50,488
1370,7/31/18,Blouse,40,868
1371,7/31/18,Coat,110,812
1372,8/2/18,Blouse,40,407
1373,8/2/18,Cardigan,55,403
1374,8/3/18,Camisole,25,109
1375,8/4/18,Blouse,40,487
1376,8/4/18,Camisole,25,408
1377,8/4/18,Cardigan,55,30
1378,8/5/18,Blouse,40,345
1379,8/5/18,Dress,75,790
1380,8/6/18,Camisole,25,178
1381,8/6/18,Jeans,70,141
1382,8/7/18,Scarf,20,712
1383,8/7/18,Scarf,20,899
1384,8/8/18,Blouse,40,345
1385,8/8/18,Cardigan,55,557
1386,8/8/18,Cardigan,55,175
1387,8/8/18,Scarf,20,723
1388,8/8/18,Skirt,50,671
1389,8/9/18,Coat,110,400
1390,8/10/18,Scarf,20,705
1391,8/11/18,Camisole,25,725
1392,8/11/18,Coat,110,39
1393,8/11/18,Dress,75,318
1394,8/12/18,Blouse,40,582
1395,8/12/18,Skirt,50,981
1396,8/13/18,Skirt,50,311
1397,8/14/18,Blouse,40,997
1398,8/14/18,Dress,75,480
1399,8/14/18,Jeans,70,520
1400,8/14/18,Scarf,20,594
1401,8/15/18,Camisole,25,92
1402,8/15/18,Coat,110,1017
1403,8/15/18,Coat,110,341
1404,8/16/18,Coat,110,941
1405,8/16/18,Skirt,50,480
1406,8/17/18,Cardigan,55,932
1407,8/17/18,Coat,110,348
1408,8/17/18,Dress,75,736
1409,8/17/18,Scarf,20,511
1410,8/18/18,Cardigan,55,619
1411,8/18/18,Coat,110,402
1412,8/18/18,Dress,75,419
1413,8/19/18,Jeans,70,643
1414,8/20/18,Blouse,40,403
1415,8/20/18,Cardigan,55,540
1416,8/20/18,Jeans,70,100
1417,8/21/18,Coat,110,553
1418,8/23/18,Cardigan,55,377
1419,8/23/18,Jeans,70,368
1420,8/23/18,Scarf,20,571
1421,8/24/18,Cardigan,55,912
1422,8/25/18,Camisole,25,249
1423,8/26/18,Camisole,25,610
1424,8/26/18,Skirt,50,259
1425,8/27/18,Blouse,40,940
1426,8/27/18,Scarf,20,971
1427,8/28/18,Blouse,40,586
1428,8/28/18,Blouse,40,627
1429,8/28/18,Camisole,25,432
1430,8/28/18,Dress,75,929
1431,8/28/18,Scarf,20,332
1432,8/29/18,Blouse,40,198
1433,8/29/18,Camisole,25,437
1434,8/29/18,Camisole,25,747
1435,8/29/18,Camisole,25,395
1436,8/29/18,Coat,110,774
1437,8/29/18,Dress,75,514
1438,8/29/18,Dress,75,440
1439,8/29/18,Scarf,20,602
1440,8/30/18,Camisole,25,410
1441,8/30/18,Scarf,20,801
1442,8/30/18,Scarf,20,46
1443,8/30/18,Skirt,50,291
1444,8/31/18,Camisole,25,858
1445,8/31/18,Camisole,25,202
1446,8/31/18,Scarf,20,997
1447,8/31/18,Skirt,50,864
1448,9/1/18,Cardigan,55,389
1449,9/1/18,Dress,75,487
1450,9/1/18,Jeans,70,970
1451,9/1/18,Skirt,50,288
1452,9/2/18,Blouse,40,896
1453,9/2/18,Camisole,25,658
1454,9/2/18,Coat,110,550
1455,9/2/18,Dress,75,449
1456,9/2/18,Jeans,70,452
1457,9/3/18,Blouse,40,829
1458,9/3/18,Cardigan,55,934
1459,9/3/18,Scarf,20,600
1460,9/5/18,Blouse,40,74
1461,9/5/18,Cardigan,55,864
1462,9/5/18,Cardigan,55,218
1463,9/5/18,Cardigan,55,140
1464,9/5/18,Dress,75,597
1465,9/5/18,Dress,75,138
1466,9/5/18,Dress,75,299
1467,9/6/18,Blouse,40,1007
1468,9/6/18,Cardigan,55,547
1469,9/7/18,Cardigan,55,856
1470,9/7/18,Coat,110,627
1471,9/8/18,Cardigan,55,369
1472,9/8/18,Skirt,50,126
1473,9/9/18,Coat,110,203
1474,9/10/18,Cardigan,55,354
1475,9/10/18,Dress,75,500
1476,9/11/18,Camisole,25,999
1477,9/11/18,Camisole,25,689
1478,9/11/18,Coat,110,179
1479,9/11/18,Scarf,20,528
1480,9/11/18,Scarf,20,920
1481,9/11/18,Skirt,50,710
1482,9/12/18,Blouse,40,850
1483,9/12/18,Camisole,25,806
1484,9/12/18,Camisole,25,655
1485,9/12/18,Camisole,25,86
1486,9/12/18,Cardigan,55,677
1487,9/12/18,Cardigan,55,429
1488,9/12/18,Scarf,20,45
1489,9/13/18,Blouse,40,267
1490,9/13/18,Cardigan,55,664
1491,9/14/18,Coat,110,919
1492,9/14/18,Dress,75,735
1493,9/15/18,Skirt,50,916
1494,9/16/18,Blouse,40,879
1495,9/16/18,Camisole,25,487
1496,9/16/18,Jeans,70,520
1497,9/16/18,Skirt,50,209
1498,9/16/18,Skirt,50,917
1499,9/17/18,Blouse,40,1025
1500,9/17/18,Cardigan,55,190
1501,9/17/18,Dress,75,842
1502,9/18/18,Cardigan,55,719
1503,9/18/18,Coat,110,654
1504,9/18/18,Jeans,70,391
1505,9/18/18,Scarf,20,386
1506,9/18/18,Skirt,50,345
1507,9/19/18,Blouse,40,601
1508,9/19/18,Blouse,40,743
1509,9/19/18,Skirt,50,604
1510,9/20/18,Coat,110,22
1511,9/20/18,Dress,75,332
1512,9/20/18,Jeans,70,504
1513,9/21/18,Dress,75,756
1514,9/21/18,Jeans,70,608
1515,9/22/18,Blouse,40,537
1516,9/22/18,Cardigan,55,48
1517,9/22/18,Cardigan,55,291
1518,9/22/18,Jeans,70,562
1519,9/22/18,Jeans,70,669
1520,9/23/18,Blouse,40,596
1521,9/23/18,Camisole,25,852
1522,9/23/18,Cardigan,55,80
1523,9/23/18,Dress,75,259
1524,9/23/18,Jeans,70,175
1525,9/24/18,Cardigan,55,641
1526,9/25/18,Coat,110,648
1527,9/25/18,Dress,75,765
1528,9/25/18,Skirt,50,620
1529,9/26/18,Blouse,40,164
1530,9/26/18,Blouse,40,774
1531,9/27/18,Blouse,40,689
1532,9/27/18,Camisole,25,59
1533,9/27/18,Coat,110,696
1534,9/27/18,Jeans,70,780
1535,9/27/18,Scarf,20,41
1536,9/28/18,Jeans,70,588
1537,9/29/18,Blouse,40,991
1538,9/29/18,Camisole,25,161
1539,9/29/18,Coat,110,461
1540,9/29/18,Jeans,70,719
1541,9/30/18,Blouse,40,722
1542,9/30/18,Cardigan,55,1017
1543,9/30/18,Coat,110,999
1544,9/30/18,Jeans,70,683
1545,9/30/18,Scarf,20,457
1546,10/1/18,Coat,110,981
1547,10/2/18,Dress,75,478
1548,10/3/18,Cardigan,55,883
1550,10/4/18,Coat,110,711
1551,10/4/18,Skirt,50,830
1552,10/5/18,Camisole,25,944
1553,10/5/18,Jeans,70,676
1554,10/5/18,Jeans,70,838
1555,10/6/18,Blouse,40,851
1557,10/7/18,Blouse,40,713
1558,10/7/18,Blouse,40,135
1559,10/8/18,Dress,75,202
1560,10/9/18,Cardigan,55,88
1561,10/9/18,Dress,75,710
1562,10/9/18,Skirt,50,326
1563,10/11/18,Cardigan,55,999
1564,10/11/18,Coat,110,225
1565,10/11/18,Jeans,70,105
1566,10/11/18,Skirt,50,642
1567,10/12/18,Jeans,70,375
1568,10/14/18,Camisole,25,429
1569,10/14/18,Scarf,20,1002
1570,10/15/18,Dress,75,690
1571,10/15/18,Skirt,50,374
1572,10/16/18,Jeans,70,468
1573,10/17/18,Camisole,25,183
1574,10/17/18,Jeans,70,298
1575,10/18/18,Blouse,40,185
1576,10/18/18,Dress,75,392
1577,10/19/18,Camisole,25,278
1578,10/19/18,Coat,110,888
1579,10/20/18,Blouse,40,533
1580,10/20/18,Jeans,70,35
1581,10/21/18,Cardigan,55,979
1582,10/21/18,Jeans,70,35
1583,10/22/18,Blouse,40,41
1584,10/22/18,Cardigan,55,881
1585,10/22/18,Coat,110,791
1586,10/22/18,Skirt,50,215
1587,10/23/18,Jeans,70,881
1588,10/23/18,Skirt,50,1001
1589,10/24/18,Coat,110,37
1590,10/24/18,Scarf,20,843
1591,10/25/18,Camisole,25,1009
1592,10/25/18,Cardigan,55,865
1593,10/25/18,Cardigan,55,178
1594,10/25/18,Scarf,20,893
1595,10/26/18,Coat,110,847
1596,10/26/18,Jeans,70,443
1597,10/26/18,Scarf,20,182
1598,10/27/18,Blouse,40,210
1599,10/27/18,Cardigan,55,978
1600,10/27/18,Skirt,50,357
1601,10/28/18,Blouse,40,638
1602,10/29/18,Camisole,25,678
1603,10/29/18,Skirt,50,920
1604,10/30/18,Blouse,40,584
1605,10/30/18,Skirt,50,434
1606,10/31/18,Blouse,40,888
1607,10/31/18,Blouse,40,649
1608,10/31/18,Blouse,40,539
1609,10/31/18,Camisole,25,132
1610,11/1/18,Scarf,20,991
1611,11/2/18,Camisole,25,557
1612,11/3/18,Blouse,40,174
1613,11/3/18,Skirt,50,706
1614,11/4/18,Dress,75,746
1615,11/4/18,Skirt,50,422
1616,11/5/18,Camisole,25,107
1617,11/5/18,Cardigan,55,784
1618,11/5/18,Skirt,50,680
1619,11/6/18,Blouse,40,90
1620,11/6/18,Cardigan,55,431
1621,11/6/18,Jeans,70,420
1622,11/6/18,Scarf,20,487
1623,11/7/18,Camisole,25,138
1624,11/8/18,Camisole,25,723
1625,11/8/18,Cardigan,55,157
1626,11/8/18,Scarf,20,929
1627,11/9/18,Camisole,25,629
1628,11/9/18,Cardigan,55,942
1629,11/10/18,Scarf,20,331
1630,11/10/18,Skirt,50,406
1631,11/12/18,Cardigan,55,29
1632,11/12/18,Dress,75,160
1633,11/12/18,Scarf,20,27
1634,11/13/18,Blouse,40,921
1635,11/13/18,Camisole,25,526
1636,11/13/18,Scarf,20,386
1637,11/14/18,Coat,110,538
1638,11/14/18,Dress,75,2
1639,11/14/18,Scarf,20,807
1640,11/15/18,Cardigan,55,118
1641,11/15/18,Dress,75,714
1642,11/15/18,Scarf,20,986
1643,11/15/18,Skirt,50,785
1644,11/16/18,Cardigan,55,172
1645,11/16/18,Skirt,50,360
1646,11/17/18,Dress,75,166
1647,11/17/18,Skirt,50,728
1648,11/17/18,Skirt,50,349
1649,11/18/18,Camisole,25,321
1650,11/18/18,Coat,110,887
1651,11/20/18,Camisole,25,501
1652,11/21/18,Camisole,25,690
1653,11/23/18,Cardigan,55,811
1654,11/24/18,Skirt,50,945
1655,11/25/18,Blouse,40,222
1656,11/26/18,Dress,75,628
1657,11/26/18,Jeans,70,715
1658,11/26/18,Scarf,20,553
1659,11/27/18,Blouse,40,429
1660,11/27/18,Coat,110,388
1661,11/27/18,Scarf,20,546
1662,11/28/18,Skirt,50,873
1663,11/29/18,Cardigan,55,60
1664,11/29/18,Skirt,50,229
1665,11/30/18,Blouse,40,831
1666,11/30/18,Scarf,20,374
1667,12/1/18,Camisole,25,992
1668,12/1/18,Skirt,50,970
1669,12/1/18,Skirt,50,778
1670,12/2/18,Coat,110,266
1671,12/2/18,Coat,110,675
1672,12/2/18,Dress,75,198
1673,12/2/18,Scarf,20,664
1674,12/3/18,Coat,110,379
1675,12/3/18,Dress,75,667
1676,12/3/18,Scarf,20,260
1677,12/4/18,Camisole,25,887
1678,12/4/18,Coat,110,259
1679,12/4/18,Coat,110,802
1680,12/4/18,Dress,75,529
1681,12/5/18,Blouse,40,1023
1682,12/5/18,Coat,110,113
1683,12/5/18,Skirt,50,111
1684,12/6/18,Blouse,40,806
1685,12/6/18,Cardigan,55,91
1686,12/6/18,Coat,110,898
1687,12/6/18,Scarf,20,908
1688,12/7/18,Coat,110,176
1689,12/8/18,Jeans,70,354
1690,12/9/18,Blouse,40,121
1691,12/9/18,Dress,75,626
1692,12/9/18,Dress,75,538
1693,12/9/18,Dress,75,932
1694,12/11/18,Blouse,40,386
1695,12/11/18,Cardigan,55,802
1696,12/11/18,Jeans,70,963
1697,12/11/18,Scarf,20,240
1698,12/11/18,Skirt,50,858
1699,12/12/18,Cardigan,55,405
1700,12/12/18,Dress,75,420
1701,12/13/18,Coat,110,898
1702,12/15/18,Jeans,70,720
1703,12/15/18,Scarf,20,272
1704,12/15/18,Skirt,50,752
1705,12/16/18,Coat,110,439
1706,12/16/18,Jeans,70,361
1707,12/17/18,Cardigan,55,673
1708,12/18/18,Blouse,40,378
1709,12/19/18,Jeans,70,821
1710,12/20/18,Blouse,40,129
1711,12/20/18,Camisole,25,983
1712,12/20/18,Cardigan,55,50
1713,12/20/18,Cardigan,55,163
1714,12/20/18,Cardigan,55,108
1715,12/20/18,Jeans,70,53
1716,12/20/18,Jeans,70,308
1717,12/20/18,Scarf,20,814
1718,12/20/18,Scarf,20,818
1719,12/21/18,Coat,110,820
1720,12/21/18,Jeans,70,597
1721,12/21/18,Scarf,20,228
1722,12/22/18,Camisole,25,33
1723,12/22/18,Dress,75,22
1724,12/22/18,Skirt,50,2
1725,12/23/18,Dress,75,236
1726,12/23/18,Scarf,20,242
1727,12/24/18,Dress,75,703
1728,12/24/18,Scarf,20,734
1729,12/25/18,Blouse,40,456
1730,12/25/18,Blouse,40,517
1731,12/25/18,Camisole,25,378
1732,12/26/18,Skirt,50,90
1733,12/27/18,Blouse,40,563
1734,12/27/18,Cardigan,55,178
1735,12/27/18,Coat,110,1017
1736,12/27/18,Coat,110,383
1737,12/27/18,Dress,75,539
1738,12/28/18,Cardigan,55,642
1739,12/28/18,Cardigan,55,428
1740,12/28/18,Scarf,20,58
1741,12/30/18,Scarf,20,451
1742,12/31/18,Blouse,40,471
1743,12/31/18,Dress,75,872
1744,12/31/18,Skirt,50,793
1745,1/1/19,Dress,75,328
1746,1/2/19,Skirt,50,501
1747,1/3/19,Camisole,25,410
1748,1/3/19,Coat,110,90
1749,1/3/19,Jeans,70,27
1750,1/3/19,Skirt,50,533
1751,1/3/19,Skirt,50,941
1752,1/4/19,Jeans,70,759
1753,1/5/19,Camisole,25,684
1754,1/5/19,Coat,110,592
1755,1/5/19,Dress,75,311
1756,1/7/19,Cardigan,55,82
1757,1/8/19,Blouse,40,878
1758,1/9/19,Camisole,25,498
1759,1/9/19,Cardigan,55,959
1760,1/11/19,Cardigan,55,812
1761,1/12/19,Cardigan,55,832
1762,1/12/19,Skirt,50,412
1763,1/13/19,Cardigan,55,393
1764,1/13/19,Coat,110,920
1765,1/13/19,Jeans,70,579
1766,1/14/19,Coat,110,617
1767,1/16/19,Camisole,25,907
1768,1/17/19,Camisole,25,138
1769,1/17/19,Cardigan,55,236
1770,1/17/19,Dress,75,1013
1771,1/18/19,Camisole,25,885
1772,1/18/19,Scarf,20,981
1773,1/19/19,Jeans,70,561
1774,1/19/19,Skirt,50,400
1775,1/20/19,Blouse,40,546
1776,1/20/19,Jeans,70,163
1777,1/20/19,Scarf,20,468
1778,1/21/19,Cardigan,55,848
1779,1/21/19,Scarf,20,184
1780,1/22/19,Coat,110,260
1781,1/22/19,Dress,75,116
1782,1/22/19,Jeans,70,31
1783,1/23/19,Blouse,40,67
1785,1/23/19,Jeans,70,660
1786,1/24/19,Coat,110,33
1787,1/24/19,Scarf,20,48
1788,1/25/19,Coat,110,935
1789,1/25/19,Jeans,70,901
1790,1/26/19,Blouse,40,113
1791,1/26/19,Coat,110,540
1792,1/27/19,Camisole,25,753
1793,1/28/19,Blouse,40,676
1794,1/29/19,Camisole,25,769
1795,1/29/19,Coat,110,270
1796,1/29/19,Scarf,20,221
1797,1/30/19,Coat,110,869
1798,1/30/19,Jeans,70,660
1799,2/1/19,Camisole,25,102
1800,2/1/19,Scarf,20,380
1801,2/3/19,Camisole,25,552
1802,2/3/19,Cardigan,55,124
1803,2/3/19,Dress,75,800
1804,2/3/19,Scarf,20,855
1805,2/3/19,Skirt,50,806
1806,2/4/19,Blouse,40,583
1807,2/6/19,Dress,75,79
1808,2/6/19,Dress,75,381
1809,2/6/19,Scarf,20,489
1810,2/6/19,Scarf,20,891
1811,2/7/19,Blouse,40,862
1812,2/7/19,Cardigan,55,719
1813,2/7/19,Jeans,70,637
1814,2/8/19,Camisole,25,551
1815,2/8/19,Dress,75,994
1816,2/8/19,Jeans,70,287
1817,2/10/19,Cardigan,55,917
1818,2/10/19,Dress,75,756
1819,2/11/19,Camisole,25,219
1820,2/12/19,Blouse,40,624
1821,2/13/19,Camisole,25,270
1822,2/13/19,Coat,110,904
1823,2/13/19,Dress,75,570
1824,2/14/19,Camisole,25,419
1825,2/15/19,Camisole,25,962
1826,2/15/19,Camisole,25,326
1827,2/15/19,Camisole,25,601
1828,2/15/19,Jeans,70,633
1829,2/18/19,Camisole,25,606
1830,2/18/19,Skirt,50,186
1831,2/19/19,Coat,110,895
1832,2/21/19,Jeans,70,88
1833,2/21/19,Scarf,20,816
1834,2/22/19,Cardigan,55,723
1835,2/24/19,Skirt,50,731
1836,2/25/19,Cardigan,55,867
1837,2/28/19,Cardigan,55,291
1838,3/1/19,Camisole,25,141
1839,3/1/19,Camisole,25,201
1840,3/1/19,Scarf,20,152
1841,3/2/19,Camisole,25,96
1842,3/2/19,Coat,110,498
1843,3/2/19,Jeans,70,193
1844,3/2/19,Jeans,70,829
1845,3/2/19,Scarf,20,975
1846,3/3/19,Jeans,70,54
1847,3/3/19,Jeans,70,61
1848,3/5/19,Cardigan,55,741
1849,3/5/19,Jeans,70,884
1850,3/6/19,Blouse,40,242
1851,3/6/19,Camisole,25,688
1852,3/6/19,Jeans,70,945
1853,3/7/19,Skirt,50,461
1854,3/8/19,Coat,110,917
1855,3/9/19,Blouse,40,725
1856,3/9/19,Cardigan,55,734
1857,3/9/19,Cardigan,55,255
1858,3/9/19,Dress,75,159
1859,3/11/19,Cardigan,55,441
1860,3/11/19,Skirt,50,639
1861,3/12/19,Coat,110,365
1862,3/13/19,Cardigan,55,865
1863,3/14/19,Coat,110,991
1864,3/15/19,Dress,75,566
1865,3/16/19,Camisole,25,534
1866,3/16/19,Cardigan,55,840
1867,3/16/19,Dress,75,574
1868,3/18/19,Camisole,25,654
1869,3/20/19,Blouse,40,586
1870,3/20/19,Jeans,70,704
1871,3/20/19,Scarf,20,399
1872,3/21/19,Dress,75,74
1873,3/22/19,Dress,75,206
1874,3/23/19,Jeans,70,511
1875,3/23/19,Jeans,70,326
1876,3/24/19,Cardigan,55,74
1877,3/24/19,Dress,75,999
1878,3/24/19,Skirt,50,785
1879,3/25/19,Blouse,40,481
1880,3/25/19,Cardigan,55,725
1881,3/25/19,Dress,75,63
1882,3/25/19,Scarf,20,993
1883,3/25/19,Skirt,50,338
1884,3/26/19,Coat,110,453
1885,3/26/19,Jeans,70,303
1886,3/26/19,Scarf,20,529
1887,3/27/19,Dress,75,822
1888,3/27/19,Dress,75,168
1889,3/27/19,Dress,75,191
1890,3/30/19,Scarf,20,1005
1891,3/30/19,Skirt,50,998
1892,3/31/19,Blouse,40,190
1893,3/31/19,Blouse,40,141
1894,4/1/19,Blouse,40,545
1895,4/1/19,Cardigan,55,922
1896,4/1/19,Dress,75,216
1897,4/2/19,Blouse,40,283
1898,4/2/19,Coat,110,782
1899,4/3/19,Blouse,40,435
1900,4/3/19,Camisole,25,559
1901,4/5/19,Camisole,25,569
1902,4/6/19,Camisole,25,35
1903,4/8/19,Blouse,40,85
1904,4/8/19,Scarf,20,92
1905,4/9/19,Scarf,20,862
1906,4/10/19,Scarf,20,124
1907,4/10/19,Skirt,50,424
1908,4/13/19,Blouse,40,661
1909,4/14/19,Cardigan,55,247
1910,4/16/19,Jeans,70,82
1911,4/17/19,Coat,110,499
1912,4/17/19,Dress,75,869
1913,4/17/19,Skirt,50,121
1914,4/18/19,Jeans,70,528
1915,4/20/19,Blouse,40,572
1916,4/20/19,Cardigan,55,578
1917,4/21/19,Scarf,20,916
1918,4/22/19,Dress,75,485
1919,4/22/19,Dress,75,269
1920,4/24/19,Jeans,70,941
1921,4/25/19,Skirt,50,160
1922,4/26/19,Skirt,50,844
1923,4/27/19,Scarf,20,57
1924,4/29/19,Cardigan,55,523
1925,4/29/19,Scarf,20,808
1926,5/2/19,Coat,110,733
1927,5/4/19,Cardigan,55,216
1928,5/4/19,Coat,110,464
1929,5/4/19,Coat,110,287
1930,5/4/19,Skirt,50,892
1931,5/5/19,Camisole,25,380
1932,5/5/19,Skirt,50,344
1933,5/7/19,Camisole,25,409
1934,5/7/19,Cardigan,55,581
1935,5/7/19,Scarf,20,368
1936,5/8/19,Jeans,70,819
1937,5/9/19,Blouse,40,285
1938,5/9/19,Camisole,25,808
1939,5/9/19,Cardigan,55,170
1940,5/10/19,Cardigan,55,884
1941,5/11/19,Coat,110,278
1942,5/12/19,Coat,110,128
1943,5/13/19,Camisole,25,64
1944,5/14/19,Cardigan,55,821
1945,5/16/19,Camisole,25,898
1946,5/19/19,Jeans,70,684
1947,5/20/19,Blouse,40,921
1948,5/22/19,Blouse,40,134
1949,5/29/19,Cardigan,55,334
1950,5/30/19,Jeans,70,591
1951,5/30/19,Scarf,20,271
1952,5/31/19,Scarf,20,52
1953,6/4/19,Blouse,40,107
1954,6/6/19,Camisole,25,462
1955,6/7/19,Blouse,40,185
1956,6/7/19,Camisole,25,683
1957,6/9/19,Dress,75,784
1958,6/11/19,Jeans,70,64
1959,6/12/19,Coat,110,205
1960,6/14/19,Blouse,40,553
1961,6/14/19,Jeans,70,708
1962,6/18/19,Cardigan,55,427
1963,6/20/19,Camisole,25,369
1964,6/22/19,Cardigan,55,833
1965,6/23/19,Blouse,40,576
1966,6/23/19,Blouse,40,135
1967,6/23/19,Dress,75,803
1968,6/23/19,Jeans,70,371
1969,6/23/19,Skirt,50,123
1970,6/24/19,Blouse,40,104
1971,6/24/19,Jeans,70,234
1972,6/25/19,Blouse,40,203
1973,6/28/19,Dress,75,535
1974,6/28/19,Jeans,70,149
1975,6/30/19,Cardigan,55,751
1976,6/30/19,Dress,75,895
1977,6/30/19,Jeans,70,385
1978,7/1/19,Dress,75,300
1979,7/4/19,Coat,110,771
1980,7/5/19,Camisole,25,250
1981,7/7/19,Jeans,70,566
1982,7/7/19,Jeans,70,893
1983,7/9/19,Cardigan,55,32
1984,7/9/19,Cardigan,55,570
1985,7/12/19,Scarf,20,89
1986,7/15/19,Skirt,50,729
1987,7/16/19,Blouse,40,508
1987,8/9/18,Snacks,5,901
1988,7/16/19,Dress,75,587
1988,3/3/18,Rope,20,826
1989,7/17/19,Cardigan,55,305
1989,3/29/17,Jacket,80,207
1990,7/21/19,Skirt,50,367
1990,6/25/17,Tent,400,658
1991,7/23/19,Cardigan,55,375
1991,10/21/16,Sneakers,70,907
1992,7/26/19,Skirt,50,355
1992,1/9/18,Shirt,50,261
1993,7/28/19,Cardigan,55,634
1993,6/18/17,Pants,70,452
1994,8/2/19,Cardigan,55,239
1994,12/30/17,Rope,20,283
1995,8/3/19,Cardigan,55,358
1995,7/6/18,Tent,400,994
1996,8/3/19,Scarf,20,126
1996,12/22/16,Rope,20,584
1997,8/5/19,Dress,75,222
1997,6/14/17,Snacks,5,853
1998,8/7/19,Coat,110,611
1998,9/14/16,Snacks,5,70
1999,8/8/19,Jeans,70,371
1999,4/3/18,Hat,20,614
2000,8/11/19,Skirt,50,491
2000,1/21/18,Shirt,50,203